{"VOTING": {"precision_normal": 0.9875, "accuracy": 0.9917695473251029, "precision_cancer": 0.9938650306748467, "recall_cancer": 0.9938650306748467, "recall_normal": 0.9875}, "MIL": {"precision_normal": 1.0, "accuracy": 0.8189300411522634, "precision_cancer": 0.7874396135265701, "recall_cancer": 1.0, "recall_normal": 0.45}}