
{
  "BRCA": {"optimizer": "RMSprop", "n_units_l0": 87, "lr": 5.943487128044342e-05, "n_layers": 1, "dropout_l0": 0.4494231064473708},
  "COAD": {"n_layers": 2, "n_units_l0": 51, "dropout_l0": 0.3633901781496375, "n_units_l1": 96, "dropout_l1": 0.24938970860378834, "optimizer": "RMSprop", "lr": 9.325098201927569e-05},
  "KICH": {"optimizer": "Adam", "n_layers": 2, "lr": 0.00034174604486655424, "dropout_l1": 0.2590922048730916, "dropout_l0": 0.4508962491601658, "n_units_l0": 85, "n_units_l1": 128},
  "KIRC": {"dropout_l0": 0.23949940999396052, "optimizer": "Adam", "lr": 7.340640278726522e-05, "dropout_l1": 0.23075402550504015, "n_layers": 2, "n_units_l0": 90, "n_units_l1": 60},
  "KIRP": {"optimizer": "Adam", "n_units_l0": 101, "lr": 0.0001821856779144607, "n_units_l1": 127, "dropout_l0": 0.20045233657011846, "n_layers": 2, "dropout_l1": 0.24987265944230833},
  "LIHC": {"lr": 0.000305882784838735, "n_units_l1": 46, "n_layers": 2, "dropout_l1": 0.33086051605996936, "dropout_l0": 0.3992380294683205, "n_units_l0": 30, "optimizer": "Adam"},
  "LUAD": {"dropout_l1": 0.40199979514662076, "lr": 0.022804111060047597, "n_layers": 2, "dropout_l0": 0.2494019459238684, "n_units_l0": 56, "optimizer": "SGD", "n_units_l1": 72},
  "LUSC": {"dropout_l0": 0.36601040402058993, "lr": 0.00012063189382769252, "dropout_l2": 0.23198155500094464, "dropout_l1": 0.46238255107808696, "n_units_l1": 5, "n_units_l0": 128, "optimizer": "Adam", "n_units_l2": 79, "n_layers": 3},
  "PRAD": {"lr": 0.00041534966057817655, "n_layers": 1, "dropout_l0": 0.36193748808143655, "optimizer": "Adam", "n_units_l0": 85},
  "READ": {"n_units_l1": 4, "n_layers": 3, "n_units_l2": 101, "optimizer": "Adam", "lr": 0.00010345081363438437, "dropout_l1": 0.32566024092209167, "n_units_l0": 114, "dropout_l0": 0.3736031169357898, "dropout_l2": 0.4320328109269479},
  "STAD": {"n_layers": 1, "lr": 1.931750132804336e-05, "dropout_l0": 0.4365385207030711, "n_units_l0": 92, "optimizer": "Adam"}
}
